<?xml version="1.0"?>
<soap:Envelope
        xmlns:soap="http://www.w3.org/2001/12/soap-envelope"
        soap:encodingStyle="http://www.w3.org/2001/12/soap-encoding">

    <soap:Body xmlns:service="http://neumont.edu/jgreeley/service">
        <service:getRestaurants>
            <service:restaurant>
                <service:id>0</service:id>
                <service:name>Burrito Stand</service:name>
                <service:description>A burrito stand</service:description>
                <service:type>Mexican</service:type>
                <service:meals>
                    <servicemeal>
                        <service:id>0</service:id>
                        <service:name>Burrito</service:name>
                        <service:description>A delicious burrito</service:description>
                        <service:cost>$2.50</service:cost>
                    </servicemeal>
                </service:meals>
            </service:restaurant>
            <service:restaurant>
                <service:id>1</service:id>
                <service:name>Italian</service:name>
                <service:description>An Italian joint</service:description>
                <service:type>Italian</service:type>
                <service:meals>
                    <service:meal>
                        <service:id>0</service:id>
                        <service:name>Spaghetti</service:name>
                        <service:description>A plate of spaghetti</service:description>
                        <service:cost>$5.00</service:cost>
                    </service:meal>
                    <service:meal>
                        <service:id>1</service:id>
                        <service:name>Alfredo</service:name>
                        <service:description>A plate of fettuccine alfredo</service:description>
                        <service:cost>$4.50</service:cost>
                    </service:meal>
                </service:meals>
            </service:restaurant>
        </service:getRestaurants>
    </soap:Body>

</soap:Envelope>